"label"	"value"
"Unknown"	"0.0215176383619587"
"1"	"0.0559429476978536"
"2"	"0.111620609960472"
"3"	"0.000819714480717642"
"4"	"0.0039746803822457"
"5"	"0.00294633072278826"
"6"	"0.00128933314102137"
"7"	"0.0799597554686139"
"8"	"0.214262522954903"
"10"	"0.00226946834575341"
"11"	"0.420303265623927"
"12"	"0.0119754195617589"
"15"	"0.00590314546456471"
"16"	"0.0159206722007237"
"17"	"0.000336489271439506"
"19"	"0.0466845278049046"
"20"	"0.00365786461641742"
"22"	"0.000615613939937973"
