"label"	"value"
"Unknown"	0.703259801015295
"Explained"	0.296740198984705
