"label"	"value"
"Unknown"	0.313002376844968
"Explained"	0.686997623155032
