"label"	"value"
"Unknown"	0.0215176383619587
"Explained"	0.978482361638041
