"label"	"value"
"Unknown"	0.225519248303649
"Explained"	0.774480751696351
