"label"	"value"
"Unknown"	0.50340779041506
"Explained"	0.49659220958494
