"label"	"value"
"Unknown"	-0.24989847031896
"Explained"	1.24989847031896
