"label"	"value"
"Unknown"	0.803602671667709
"Explained"	0.196397328332291
