"label"	"value"
"Unknown"	0.122196175922147
"Explained"	0.877803824077853
